2026-06-21 18:59:04.078889,60.77,170,C:\Users\mjayk\Documents\Internship and Projects\missing-child-recovery-ai\data\alerts\match_0.jpg
2026-06-21 18:59:04.593206,61.25,175,C:\Users\mjayk\Documents\Internship and Projects\missing-child-recovery-ai\data\alerts\match_1.jpg
2026-06-21 18:59:05.151309,61.34,180,C:\Users\mjayk\Documents\Internship and Projects\missing-child-recovery-ai\data\alerts\match_2.jpg
2026-06-21 19:07:17.852150,41.4,5,C:\Users\mjayk\Documents\Internship and Projects\missing-child-recovery-ai\data\alerts\match_0.jpg
2026-06-21 19:07:18.289265,44.12,10,C:\Users\mjayk\Documents\Internship and Projects\missing-child-recovery-ai\data\alerts\match_1.jpg
2026-06-21 19:07:18.752441,49.15,15,C:\Users\mjayk\Documents\Internship and Projects\missing-child-recovery-ai\data\alerts\match_2.jpg
2026-06-21 19:07:19.212113,52.55,20,C:\Users\mjayk\Documents\Internship and Projects\missing-child-recovery-ai\data\alerts\match_3.jpg
2026-06-21 19:07:19.644186,48.93,25,C:\Users\mjayk\Documents\Internship and Projects\missing-child-recovery-ai\data\alerts\match_4.jpg
2026-06-21 19:07:20.107383,48.91,30,C:\Users\mjayk\Documents\Internship and Projects\missing-child-recovery-ai\data\alerts\match_5.jpg
2026-06-21 19:07:20.566217,50.34,35,C:\Users\mjayk\Documents\Internship and Projects\missing-child-recovery-ai\data\alerts\match_6.jpg
2026-06-21 19:07:21.029795,49.35,40,C:\Users\mjayk\Documents\Internship and Projects\missing-child-recovery-ai\data\alerts\match_7.jpg
2026-06-21 19:07:21.541690,50.56,45,C:\Users\mjayk\Documents\Internship and Projects\missing-child-recovery-ai\data\alerts\match_8.jpg
2026-06-21 19:07:22.020860,55.35,50,C:\Users\mjayk\Documents\Internship and Projects\missing-child-recovery-ai\data\alerts\match_9.jpg
2026-06-21 19:07:22.469800,54.46,55,C:\Users\mjayk\Documents\Internship and Projects\missing-child-recovery-ai\data\alerts\match_10.jpg
2026-06-21 19:07:22.907144,56.1,60,C:\Users\mjayk\Documents\Internship and Projects\missing-child-recovery-ai\data\alerts\match_11.jpg
2026-06-21 19:07:23.338689,56.29,65,C:\Users\mjayk\Documents\Internship and Projects\missing-child-recovery-ai\data\alerts\match_12.jpg
2026-06-21 19:07:23.772330,49.63,70,C:\Users\mjayk\Documents\Internship and Projects\missing-child-recovery-ai\data\alerts\match_13.jpg
2026-06-21 19:07:24.204002,46.79,75,C:\Users\mjayk\Documents\Internship and Projects\missing-child-recovery-ai\data\alerts\match_14.jpg
2026-06-21 19:07:24.670743,47.42,80,C:\Users\mjayk\Documents\Internship and Projects\missing-child-recovery-ai\data\alerts\match_15.jpg
2026-06-21 19:07:25.113274,49.12,85,C:\Users\mjayk\Documents\Internship and Projects\missing-child-recovery-ai\data\alerts\match_16.jpg
2026-06-21 19:07:25.533490,53.9,90,C:\Users\mjayk\Documents\Internship and Projects\missing-child-recovery-ai\data\alerts\match_17.jpg
2026-06-21 19:07:25.999888,51.62,95,C:\Users\mjayk\Documents\Internship and Projects\missing-child-recovery-ai\data\alerts\match_18.jpg
2026-06-21 19:07:26.409607,53.47,100,C:\Users\mjayk\Documents\Internship and Projects\missing-child-recovery-ai\data\alerts\match_19.jpg
2026-06-21 19:07:26.835620,44.69,105,C:\Users\mjayk\Documents\Internship and Projects\missing-child-recovery-ai\data\alerts\match_20.jpg
2026-06-21 19:07:27.285690,45.19,110,C:\Users\mjayk\Documents\Internship and Projects\missing-child-recovery-ai\data\alerts\match_21.jpg
2026-06-21 19:07:27.733430,44.03,115,C:\Users\mjayk\Documents\Internship and Projects\missing-child-recovery-ai\data\alerts\match_22.jpg
2026-06-21 19:07:28.193415,43.89,120,C:\Users\mjayk\Documents\Internship and Projects\missing-child-recovery-ai\data\alerts\match_23.jpg
2026-06-21 19:07:28.652151,44.54,125,C:\Users\mjayk\Documents\Internship and Projects\missing-child-recovery-ai\data\alerts\match_24.jpg
2026-06-21 19:07:29.130144,47.08,130,C:\Users\mjayk\Documents\Internship and Projects\missing-child-recovery-ai\data\alerts\match_25.jpg
2026-06-21 19:07:29.562002,50.55,135,C:\Users\mjayk\Documents\Internship and Projects\missing-child-recovery-ai\data\alerts\match_26.jpg
2026-06-21 19:07:30.040280,40.39,140,C:\Users\mjayk\Documents\Internship and Projects\missing-child-recovery-ai\data\alerts\match_27.jpg
2026-06-21 19:07:30.508372,48.63,145,C:\Users\mjayk\Documents\Internship and Projects\missing-child-recovery-ai\data\alerts\match_28.jpg
2026-06-21 19:07:30.984104,51.85,150,C:\Users\mjayk\Documents\Internship and Projects\missing-child-recovery-ai\data\alerts\match_29.jpg
2026-06-21 19:07:31.413333,54.32,155,C:\Users\mjayk\Documents\Internship and Projects\missing-child-recovery-ai\data\alerts\match_30.jpg
2026-06-21 19:07:31.866914,59.35,160,C:\Users\mjayk\Documents\Internship and Projects\missing-child-recovery-ai\data\alerts\match_31.jpg
2026-06-21 19:07:32.259961,58.42,165,C:\Users\mjayk\Documents\Internship and Projects\missing-child-recovery-ai\data\alerts\match_32.jpg
2026-06-21 19:07:32.705309,60.77,170,C:\Users\mjayk\Documents\Internship and Projects\missing-child-recovery-ai\data\alerts\match_33.jpg
2026-06-21 19:07:33.182594,61.25,175,C:\Users\mjayk\Documents\Internship and Projects\missing-child-recovery-ai\data\alerts\match_34.jpg
2026-06-21 19:07:33.679768,61.34,180,C:\Users\mjayk\Documents\Internship and Projects\missing-child-recovery-ai\data\alerts\match_35.jpg
2026-06-21 19:07:34.188596,55.52,185,C:\Users\mjayk\Documents\Internship and Projects\missing-child-recovery-ai\data\alerts\match_36.jpg
2026-06-21 19:07:34.683908,54.76,190,C:\Users\mjayk\Documents\Internship and Projects\missing-child-recovery-ai\data\alerts\match_37.jpg
2026-06-21 19:07:35.146807,51.7,195,C:\Users\mjayk\Documents\Internship and Projects\missing-child-recovery-ai\data\alerts\match_38.jpg
2026-06-21 19:07:35.589050,57.78,200,C:\Users\mjayk\Documents\Internship and Projects\missing-child-recovery-ai\data\alerts\match_39.jpg
2026-06-21 19:07:36.023980,53.83,205,C:\Users\mjayk\Documents\Internship and Projects\missing-child-recovery-ai\data\alerts\match_40.jpg
2026-06-21 19:07:36.571916,53.57,210,C:\Users\mjayk\Documents\Internship and Projects\missing-child-recovery-ai\data\alerts\match_41.jpg
2026-06-21 19:07:37.044575,51.95,215,C:\Users\mjayk\Documents\Internship and Projects\missing-child-recovery-ai\data\alerts\match_42.jpg
2026-06-21 19:07:37.488745,55.1,220,C:\Users\mjayk\Documents\Internship and Projects\missing-child-recovery-ai\data\alerts\match_43.jpg
2026-06-21 19:07:37.957326,51.61,225,C:\Users\mjayk\Documents\Internship and Projects\missing-child-recovery-ai\data\alerts\match_44.jpg
2026-06-21 19:07:38.428024,44.0,230,C:\Users\mjayk\Documents\Internship and Projects\missing-child-recovery-ai\data\alerts\match_45.jpg
2026-06-21 19:07:38.863701,44.71,235,C:\Users\mjayk\Documents\Internship and Projects\missing-child-recovery-ai\data\alerts\match_46.jpg
2026-06-21 19:07:39.321867,44.9,240,C:\Users\mjayk\Documents\Internship and Projects\missing-child-recovery-ai\data\alerts\match_47.jpg
2026-06-21 19:07:39.738322,44.15,245,C:\Users\mjayk\Documents\Internship and Projects\missing-child-recovery-ai\data\alerts\match_48.jpg
2026-06-21 19:07:40.229732,41.87,250,C:\Users\mjayk\Documents\Internship and Projects\missing-child-recovery-ai\data\alerts\match_49.jpg
2026-06-21 19:07:40.651374,42.92,255,C:\Users\mjayk\Documents\Internship and Projects\missing-child-recovery-ai\data\alerts\match_50.jpg
2026-06-21 19:07:45.582452,41.56,310,C:\Users\mjayk\Documents\Internship and Projects\missing-child-recovery-ai\data\alerts\match_51.jpg
2026-06-21 19:07:46.008286,45.7,315,C:\Users\mjayk\Documents\Internship and Projects\missing-child-recovery-ai\data\alerts\match_52.jpg
2026-06-21 19:07:46.435897,43.27,320,C:\Users\mjayk\Documents\Internship and Projects\missing-child-recovery-ai\data\alerts\match_53.jpg
2026-06-21 20:53:09.353941,60.32,171,C:\Users\mjayk\Documents\Internship and Projects\missing-child-recovery-ai\data\alerts\track_1.jpg
2026-06-21 21:40:04,MC001,1,60.32,171,C:\Users\mjayk\Documents\Internship and Projects\missing-child-recovery-ai\data\alerts\track_1.jpg
2026-06-22 00:15:16,MC001,1,63.13,157,C:\Users\mjayk\Documents\Internship and Projects\missing-child-recovery-ai\data\alerts\track_1.jpg
2026-07-06 10:39:46,MC001,1,60.32,171,C:\Users\mjayk\Documents\Internship and Projects\missing-child-recovery-ai\data\alerts\track_1.jpg
